"source_path","evidence_path","size_bytes","sha256","scientific_status","source_commit","archive_url"
"runs/architecture_benchmark/results.json","docs/evidence/records/architecture_benchmark/results.json","99755","3a623111fb782363ef058dc59a3569c0457c3e4f933102562743ec803b96457a","exploratory","4990ba4","https://media.lbsa71.net/LCE/runs/architecture_benchmark/results.json"
"runs/breadth_reinforcement_v2/analysis.json","docs/evidence/records/breadth_reinforcement_v2/analysis.json","18517","8dbdbe05cd67b0256eb8ab5346c5821ce8d4143d03c2d93469459e8d29b265cb","historical","4990ba4","https://media.lbsa71.net/LCE/runs/breadth_reinforcement_v2/analysis.json"
"runs/breadth_reinforcement_v2/results.json","docs/evidence/records/breadth_reinforcement_v2/results.json","72844","39792e8a7c45f6b934e86812aebed3cf59cdfad11f7e15f63f9c9142b253047d","historical","4990ba4","https://media.lbsa71.net/LCE/runs/breadth_reinforcement_v2/results.json"
"runs/breadth_reinforcement_v2/split_manifests.json","docs/evidence/records/breadth_reinforcement_v2/split_manifests.json","2145","1e550945644a0681df7ef78d4ec09c1f5ea551df1e59cc81574c6668b4f09ba1","historical","4990ba4","https://media.lbsa71.net/LCE/runs/breadth_reinforcement_v2/split_manifests.json"
"runs/form_variation_v2/analysis.json","docs/evidence/records/form_variation_v2/analysis.json","3653","047e3e7b5c96b954a0b3df5b8351b5f62e3816a7f3e761730f5bcb57b4cd0011","historical","4990ba4","https://media.lbsa71.net/LCE/runs/form_variation_v2/analysis.json"
"runs/form_variation_v2/results.json","docs/evidence/records/form_variation_v2/results.json","20235","9bda9619b9b8448b52fbb7431cb2dcca590dda89fff088a2bace71107193360e","historical","4990ba4","https://media.lbsa71.net/LCE/runs/form_variation_v2/results.json"
"runs/form_variation_v2/split_manifests.json","docs/evidence/records/form_variation_v2/split_manifests.json","2134","e7e1635de27f9e341653242891a293cdda30399e400bd5a29fba0bce2cad748e","historical","4990ba4","https://media.lbsa71.net/LCE/runs/form_variation_v2/split_manifests.json"
"runs/phase210_capacity_interaction_v1/registration.json","docs/evidence/records/phase210_capacity_interaction_v1/registration.json","1081","53894d36785178571339bf3ae752a5034149667325123db5a85ddf0116961ab8","historical","4990ba4","https://media.lbsa71.net/LCE/runs/phase210_capacity_interaction_v1/registration.json"
"runs/phase210_capacity_interaction_v1/screen_analysis.json","docs/evidence/records/phase210_capacity_interaction_v1/screen_analysis.json","3889","9f7f37316e95f03b99c7c1b981c75cac92c334db1438adca1db8b66945f3aa5b","historical","4990ba4","https://media.lbsa71.net/LCE/runs/phase210_capacity_interaction_v1/screen_analysis.json"
"runs/phase210_capacity_interaction_v1/screen_results.json","docs/evidence/records/phase210_capacity_interaction_v1/screen_results.json","24391","abb484bd135255f44e2341c67862273337adc666abeed114ece0a5dc118cdf98","historical","4990ba4","https://media.lbsa71.net/LCE/runs/phase210_capacity_interaction_v1/screen_results.json"
"runs/phase210_capacity_interaction_v1/split_manifests.json","docs/evidence/records/phase210_capacity_interaction_v1/split_manifests.json","2403","53f53d10986c38a132129f6c118d5167d01e439860442bd9c8260e48c2e85d2f","historical","4990ba4","https://media.lbsa71.net/LCE/runs/phase210_capacity_interaction_v1/split_manifests.json"
"runs/phase25_representation_v1/registration.json","docs/evidence/records/phase25_representation_v1/registration.json","1645","bd809c54a31ddbed545befb1d3a3302d223cfc5ef8848853103e7d1ec449092c","historical","4990ba4","https://media.lbsa71.net/LCE/runs/phase25_representation_v1/registration.json"
"runs/phase25_representation_v1/stage_a_probe_results.json","docs/evidence/records/phase25_representation_v1/stage_a_probe_results.json","19374","0713450070b15fc59a5250ba6ffd52eb1665f389c6908a76d1ffde9cb222e019","historical","4990ba4","https://media.lbsa71.net/LCE/runs/phase25_representation_v1/stage_a_probe_results.json"
"runs/phase25_representation_v1/stage_b_analysis.json","docs/evidence/records/phase25_representation_v1/stage_b_analysis.json","4686","a9a4a7141eca27439ec7e0c4abec43376b47f58b29353b0f2ce7c4d1271e9ffa","historical","4990ba4","https://media.lbsa71.net/LCE/runs/phase25_representation_v1/stage_b_analysis.json"
"runs/phase25_representation_v1/stage_b_results.json","docs/evidence/records/phase25_representation_v1/stage_b_results.json","45572","d91a2369e823caaffcf851b6306f44c71a240823e2e986f710cdc3bbbfada382","historical","4990ba4","https://media.lbsa71.net/LCE/runs/phase25_representation_v1/stage_b_results.json"
"runs/phase26_contrast_coverage_v1/confirmation/analysis.json","docs/evidence/records/phase26_contrast_coverage_v1/confirmation/analysis.json","3128","54c70d3e6740bbadc54fab65c8d75b391a69ea6a2ad3745d354c7653ae6eb873","historical","4990ba4","https://media.lbsa71.net/LCE/runs/phase26_contrast_coverage_v1/confirmation/analysis.json"
"runs/phase26_contrast_coverage_v1/confirmation/failure_audit.json","docs/evidence/records/phase26_contrast_coverage_v1/confirmation/failure_audit.json","262638","80e8a1b12588f59224227bd44b34419c2bef672482d2fc49e204e3fa589333bc","historical","4990ba4","https://media.lbsa71.net/LCE/runs/phase26_contrast_coverage_v1/confirmation/failure_audit.json"
"runs/phase26_contrast_coverage_v1/confirmation/registration.json","docs/evidence/records/phase26_contrast_coverage_v1/confirmation/registration.json","1066","c45656006380ce8f7f9770bb45890ff7db6504945c1f5481d6e5a510e826ff19","historical","4990ba4","https://media.lbsa71.net/LCE/runs/phase26_contrast_coverage_v1/confirmation/registration.json"
"runs/phase26_contrast_coverage_v1/confirmation/results.json","docs/evidence/records/phase26_contrast_coverage_v1/confirmation/results.json","24958","d4fabd17ccc413df00329f20ac876c2fd0927f06cad6cc52be1a32481191a018","historical","4990ba4","https://media.lbsa71.net/LCE/runs/phase26_contrast_coverage_v1/confirmation/results.json"
"runs/phase26_contrast_coverage_v1/screen_analysis.json","docs/evidence/records/phase26_contrast_coverage_v1/screen_analysis.json","7844","9c4933461573b68928a300ecf9b7661f35b1dac20857384492a5d821114879d8","historical","4990ba4","https://media.lbsa71.net/LCE/runs/phase26_contrast_coverage_v1/screen_analysis.json"
"runs/phase26_contrast_coverage_v1/screen_results.json","docs/evidence/records/phase26_contrast_coverage_v1/screen_results.json","24678","719a0787e273440c9e4458c931df2aba3d29267cabb693a1691b35228206bb38","historical","4990ba4","https://media.lbsa71.net/LCE/runs/phase26_contrast_coverage_v1/screen_results.json"
"runs/phase28_counterfactual_discourse_v1/registration.json","docs/evidence/records/phase28_counterfactual_discourse_v1/registration.json","672","7c5a14f2a7a6845af2e3599f64da90ff31584f58add4bb53e8e9a003ce3fd865","historical","4990ba4","https://media.lbsa71.net/LCE/runs/phase28_counterfactual_discourse_v1/registration.json"
"runs/phase28_counterfactual_discourse_v1/screen_analysis.json","docs/evidence/records/phase28_counterfactual_discourse_v1/screen_analysis.json","1699","a36b1c3d301d72a0b7ddc00bb7b54c7aa152a618782aa89e738d24a7dbf32ef2","historical","4990ba4","https://media.lbsa71.net/LCE/runs/phase28_counterfactual_discourse_v1/screen_analysis.json"
"runs/phase28_counterfactual_discourse_v1/screen_results.json","docs/evidence/records/phase28_counterfactual_discourse_v1/screen_results.json","12229","4594aee0d49744c7cad8fc0b247d47166701b0375d68a510a2b8c25202c6d248","historical","4990ba4","https://media.lbsa71.net/LCE/runs/phase28_counterfactual_discourse_v1/screen_results.json"
"runs/phase28_counterfactual_discourse_v1/split_manifests.json","docs/evidence/records/phase28_counterfactual_discourse_v1/split_manifests.json","1244","058b78aaf618aa41e14cb60c7e8439046fa4ee4184b8380a59b784c4160068ba","historical","4990ba4","https://media.lbsa71.net/LCE/runs/phase28_counterfactual_discourse_v1/split_manifests.json"
"runs/phase29_discourse_augmentation_v1/registration.json","docs/evidence/records/phase29_discourse_augmentation_v1/registration.json","1466","f5cffc7518a0f5f16425e370bbe1d04492d282f4d5642312037bacc4987d9d95","historical","4990ba4","https://media.lbsa71.net/LCE/runs/phase29_discourse_augmentation_v1/registration.json"
"runs/phase29_discourse_augmentation_v1/screen_analysis.json","docs/evidence/records/phase29_discourse_augmentation_v1/screen_analysis.json","5325","22125ba7d9eaec17e74006b7a638a5fb0bca08cf675391b6345fe0972d53dd79","historical","4990ba4","https://media.lbsa71.net/LCE/runs/phase29_discourse_augmentation_v1/screen_analysis.json"
"runs/phase29_discourse_augmentation_v1/screen_results.json","docs/evidence/records/phase29_discourse_augmentation_v1/screen_results.json","24625","68db3b958d523f20ed4842548e0ae87bb37b3daa64831580be149e5cb857bb60","historical","4990ba4","https://media.lbsa71.net/LCE/runs/phase29_discourse_augmentation_v1/screen_results.json"
"runs/phase29_discourse_augmentation_v1/split_manifests.json","docs/evidence/records/phase29_discourse_augmentation_v1/split_manifests.json","2439","8e8e88d66061fab8745ee467eee3bdabd632f99158f6c47aecff67efff51c105","historical","4990ba4","https://media.lbsa71.net/LCE/runs/phase29_discourse_augmentation_v1/split_manifests.json"
"runs/phase3_scaling_stage_a_r356_v1/results.json","docs/evidence/records/phase3_scaling_stage_a_r356_v1/results.json","13947","67cbb296a2578fb30d03a45cd6a93b919c55e9ed795d426e9c0f924fd9e858d1","superseded","4990ba4","https://media.lbsa71.net/LCE/runs/phase3_scaling_stage_a_r356_v1/results.json"
"runs/phase3_scaling_stage_b_r889_v1/full_curve_analysis.json","docs/evidence/records/phase3_scaling_stage_b_r889_v1/full_curve_analysis.json","15403","b7693aa9d663d0fcbcf18fd2b72dab049376676793d9f24161edbf79349e46af","historical","4990ba4","https://media.lbsa71.net/LCE/runs/phase3_scaling_stage_b_r889_v1/full_curve_analysis.json"
"runs/phase3_scaling_stage_b_r889_v1/results.json","docs/evidence/records/phase3_scaling_stage_b_r889_v1/results.json","13964","dc9107875d803f573f4d8a22fe74da4daea53b4ba777994d632822e2f9cd35a4","historical","4990ba4","https://media.lbsa71.net/LCE/runs/phase3_scaling_stage_b_r889_v1/results.json"
"runs/phase4_bottleneck_screen_v1/failure_audit_records.json","docs/evidence/records/phase4_bottleneck_screen_v1/failure_audit_records.json","301029","03749a68854e345077e76c87883e53883bf36622abf31078adcebc92130204a7","historical","4990ba4","https://media.lbsa71.net/LCE/runs/phase4_bottleneck_screen_v1/failure_audit_records.json"
"runs/phase4_bottleneck_screen_v1/failure_audit.json","docs/evidence/records/phase4_bottleneck_screen_v1/failure_audit.json","119913","1d5c900f26aa7c82196e275d3d94d90a5097573cbccc40654b681d6b260602d4","historical","4990ba4","https://media.lbsa71.net/LCE/runs/phase4_bottleneck_screen_v1/failure_audit.json"
"runs/phase4_bottleneck_screen_v1/registration.json","docs/evidence/records/phase4_bottleneck_screen_v1/registration.json","979","2211cdd6453df1993b1a7d06f00b0ee0a1a8c55b36965cfe0c1b3114fe388c16","historical","4990ba4","https://media.lbsa71.net/LCE/runs/phase4_bottleneck_screen_v1/registration.json"
"runs/phase4_bottleneck_screen_v1/screen_analysis.json","docs/evidence/records/phase4_bottleneck_screen_v1/screen_analysis.json","4696","7be5d744916395d8fcfe944b05000a9e7c04475ad991b4760746e4e7b1f98f82","historical","4990ba4","https://media.lbsa71.net/LCE/runs/phase4_bottleneck_screen_v1/screen_analysis.json"
"runs/phase4_bottleneck_screen_v1/screen_results.json","docs/evidence/records/phase4_bottleneck_screen_v1/screen_results.json","41210","eb155c620947ca3adbcc26c2b8b7413a254ed1898c98bf8d4d30733e4e6fd284","historical","4990ba4","https://media.lbsa71.net/LCE/runs/phase4_bottleneck_screen_v1/screen_results.json"
"runs/phase4_bottleneck_screen_v1/split_manifest.json","docs/evidence/records/phase4_bottleneck_screen_v1/split_manifest.json","465","9023350327cfe09be685a7c59f1f808b936c79d5f18e68cc03355f929270dd8b","historical","4990ba4","https://media.lbsa71.net/LCE/runs/phase4_bottleneck_screen_v1/split_manifest.json"
"runs/phase4_stageb_factorial_v1/case_predictions.json","docs/evidence/records/phase4_stageb_factorial_v1/case_predictions.json","966129","21b91032e60ba01d06d012153050368b9faef9de09d61ab6a6a33cfa9a0510c0","historical","4990ba4","https://media.lbsa71.net/LCE/runs/phase4_stageb_factorial_v1/case_predictions.json"
"runs/phase4_stageb_factorial_v1/frozen_probe_audit.json","docs/evidence/records/phase4_stageb_factorial_v1/frozen_probe_audit.json","15001","e8eb7a9da8ed5475c500ce040398e2856cb607569a2822802a5821c0a1ec2e36","historical","4990ba4","https://media.lbsa71.net/LCE/runs/phase4_stageb_factorial_v1/frozen_probe_audit.json"
"runs/phase4_stageb_factorial_v1/frozen_probe_records.json","docs/evidence/records/phase4_stageb_factorial_v1/frozen_probe_records.json","871774","31acc19af0745bf3402d05b29a6c530419508b9c24c60ef372e46a2d444f383f","historical","4990ba4","https://media.lbsa71.net/LCE/runs/phase4_stageb_factorial_v1/frozen_probe_records.json"
"runs/phase4_stageb_factorial_v1/registration.json","docs/evidence/records/phase4_stageb_factorial_v1/registration.json","1916","06ca79c9a281714e31fc64b49ba9df9bbdc4eaa33dcaaf3487a57312b031df98","historical","4990ba4","https://media.lbsa71.net/LCE/runs/phase4_stageb_factorial_v1/registration.json"
"runs/phase4_stageb_factorial_v1/screen_analysis.json","docs/evidence/records/phase4_stageb_factorial_v1/screen_analysis.json","10597","054127771c1a6e113a4ffc72ba20161b12f4864f61d5f0dcfa4d9fe088f997e9","historical","4990ba4","https://media.lbsa71.net/LCE/runs/phase4_stageb_factorial_v1/screen_analysis.json"
"runs/phase4_stageb_factorial_v1/screen_results.json","docs/evidence/records/phase4_stageb_factorial_v1/screen_results.json","55787","8493c32940f7412f56b1c873785b42bafee956077d04fb9769215dde49e8d836","historical","4990ba4","https://media.lbsa71.net/LCE/runs/phase4_stageb_factorial_v1/screen_results.json"
"runs/phase4_stageb_factorial_v1/split_manifests.json","docs/evidence/records/phase4_stageb_factorial_v1/split_manifests.json","1101","4f573cd8df8c940f5691a2adfbe061bf53a9fd3dc4d8b505ad75fac541562596","historical","4990ba4","https://media.lbsa71.net/LCE/runs/phase4_stageb_factorial_v1/split_manifests.json"
"runs/phase4_stagec_invariance_v1/case_predictions.json","docs/evidence/records/phase4_stagec_invariance_v1/case_predictions.json","779112","73b2e3536a00ffd906d1e4522b8c3f94b2896f4fddfe66b73d604b130a8918ab","historical","4990ba4","https://media.lbsa71.net/LCE/runs/phase4_stagec_invariance_v1/case_predictions.json"
"runs/phase4_stagec_invariance_v1/consistency_025/seed_17/metrics.json","docs/evidence/records/phase4_stagec_invariance_v1/consistency_025/seed_17/metrics.json","2455","34727d5fd4d2d9250a131c38434a737bd1a455992d31a5c7553776cc92de3b06","historical","4990ba4","https://media.lbsa71.net/LCE/runs/phase4_stagec_invariance_v1/consistency_025/seed_17/metrics.json"
"runs/phase4_stagec_invariance_v1/consistency_025/seed_17/step_metrics.csv","docs/evidence/records/phase4_stagec_invariance_v1/consistency_025/seed_17/step_metrics.csv","198274","874bfffb1f26325b37ecc31b7751ede7a6e0ab211efed2a75d545984cd34db5a","historical","4990ba4","https://media.lbsa71.net/LCE/runs/phase4_stagec_invariance_v1/consistency_025/seed_17/step_metrics.csv"
"runs/phase4_stagec_invariance_v1/consistency_025/seed_29/metrics.json","docs/evidence/records/phase4_stagec_invariance_v1/consistency_025/seed_29/metrics.json","2455","5b9025ff127e616f388fb468dbb7393a2bcc656814f0264d56f5bea1e28506b3","historical","4990ba4","https://media.lbsa71.net/LCE/runs/phase4_stagec_invariance_v1/consistency_025/seed_29/metrics.json"
"runs/phase4_stagec_invariance_v1/consistency_025/seed_29/step_metrics.csv","docs/evidence/records/phase4_stagec_invariance_v1/consistency_025/seed_29/step_metrics.csv","197267","d92e6958c0fd6cf27106e9a72217ad5e64edf0801f5a305b738d231d2a6642ba","historical","4990ba4","https://media.lbsa71.net/LCE/runs/phase4_stagec_invariance_v1/consistency_025/seed_29/step_metrics.csv"
"runs/phase4_stagec_invariance_v1/consistency_025/seed_41/metrics.json","docs/evidence/records/phase4_stagec_invariance_v1/consistency_025/seed_41/metrics.json","2444","c6dbaad794386d384262a24c9fe655d57ea5907dc0a46149c63e28006b7c9a68","historical","4990ba4","https://media.lbsa71.net/LCE/runs/phase4_stagec_invariance_v1/consistency_025/seed_41/metrics.json"
"runs/phase4_stagec_invariance_v1/consistency_025/seed_41/step_metrics.csv","docs/evidence/records/phase4_stagec_invariance_v1/consistency_025/seed_41/step_metrics.csv","197875","cd614fcfa1cd338e73465fcb2fe141bf5bebb1537d5b3b30cfbd9280b588b4a7","historical","4990ba4","https://media.lbsa71.net/LCE/runs/phase4_stagec_invariance_v1/consistency_025/seed_41/step_metrics.csv"
"runs/phase4_stagec_invariance_v1/consistency_025/seed_53/metrics.json","docs/evidence/records/phase4_stagec_invariance_v1/consistency_025/seed_53/metrics.json","2448","5e9d01d6e27c95a02e411622ede5fda49cb22ee1cc50fab7d3076ee5bc8e5ed1","historical","4990ba4","https://media.lbsa71.net/LCE/runs/phase4_stagec_invariance_v1/consistency_025/seed_53/metrics.json"
"runs/phase4_stagec_invariance_v1/consistency_025/seed_53/step_metrics.csv","docs/evidence/records/phase4_stagec_invariance_v1/consistency_025/seed_53/step_metrics.csv","197115","4a9915c485b5a4283b8496dd6f20e02b9500b39371c59a0655ed6f148de52f9f","historical","4990ba4","https://media.lbsa71.net/LCE/runs/phase4_stagec_invariance_v1/consistency_025/seed_53/step_metrics.csv"
"runs/phase4_stagec_invariance_v1/consistency_025/seed_67/metrics.json","docs/evidence/records/phase4_stagec_invariance_v1/consistency_025/seed_67/metrics.json","2461","04157912f2ff9c2ad46f196f7b1cdfe3cef2dcc8bf361695fa7cadb58f93dbf7","historical","4990ba4","https://media.lbsa71.net/LCE/runs/phase4_stagec_invariance_v1/consistency_025/seed_67/metrics.json"
"runs/phase4_stagec_invariance_v1/consistency_025/seed_67/step_metrics.csv","docs/evidence/records/phase4_stagec_invariance_v1/consistency_025/seed_67/step_metrics.csv","196973","e66449044c07920de867b05b9d98a85d9d7ed7d15ae8d3c70966d30a404beeb2","historical","4990ba4","https://media.lbsa71.net/LCE/runs/phase4_stagec_invariance_v1/consistency_025/seed_67/step_metrics.csv"
"runs/phase4_stagec_invariance_v1/consistency_1/seed_17/metrics.json","docs/evidence/records/phase4_stagec_invariance_v1/consistency_1/seed_17/metrics.json","2452","9b1e965d4e2622d714d6611e4719cd44b7b0534f2d6409f7e38381bf08a8ae8d","historical","4990ba4","https://media.lbsa71.net/LCE/runs/phase4_stagec_invariance_v1/consistency_1/seed_17/metrics.json"
"runs/phase4_stagec_invariance_v1/consistency_1/seed_17/step_metrics.csv","docs/evidence/records/phase4_stagec_invariance_v1/consistency_1/seed_17/step_metrics.csv","198006","164a0f8956dff1fe69844a46f80017d6d1d1936bfc688b98999115b6666e5cd4","historical","4990ba4","https://media.lbsa71.net/LCE/runs/phase4_stagec_invariance_v1/consistency_1/seed_17/step_metrics.csv"
"runs/phase4_stagec_invariance_v1/consistency_1/seed_29/metrics.json","docs/evidence/records/phase4_stagec_invariance_v1/consistency_1/seed_29/metrics.json","2454","1f1b17e46980ceb9a355b296330e4a9e71729ade80a653cb642027f167355302","historical","4990ba4","https://media.lbsa71.net/LCE/runs/phase4_stagec_invariance_v1/consistency_1/seed_29/metrics.json"
"runs/phase4_stagec_invariance_v1/consistency_1/seed_29/step_metrics.csv","docs/evidence/records/phase4_stagec_invariance_v1/consistency_1/seed_29/step_metrics.csv","198170","fcb6fb271096634a0690eac6a788b18226dfbf6e62c481461065578d88250d18","historical","4990ba4","https://media.lbsa71.net/LCE/runs/phase4_stagec_invariance_v1/consistency_1/seed_29/step_metrics.csv"
"runs/phase4_stagec_invariance_v1/consistency_1/seed_41/metrics.json","docs/evidence/records/phase4_stagec_invariance_v1/consistency_1/seed_41/metrics.json","2446","43c71ef3042340a7d4fe59dd5a6a1c1515a2b10873d8497c50290f62e17493dd","historical","4990ba4","https://media.lbsa71.net/LCE/runs/phase4_stagec_invariance_v1/consistency_1/seed_41/metrics.json"
"runs/phase4_stagec_invariance_v1/consistency_1/seed_41/step_metrics.csv","docs/evidence/records/phase4_stagec_invariance_v1/consistency_1/seed_41/step_metrics.csv","198213","db84d8a345eb1d4cf86197cbe341c90f35f2b205e6bf4a5445cbbc47262955e8","historical","4990ba4","https://media.lbsa71.net/LCE/runs/phase4_stagec_invariance_v1/consistency_1/seed_41/step_metrics.csv"
"runs/phase4_stagec_invariance_v1/consistency_1/seed_53/metrics.json","docs/evidence/records/phase4_stagec_invariance_v1/consistency_1/seed_53/metrics.json","2452","5ea8e02420deac36d30859a3c937396ec3cfc68775a543f77aa1f999666027ad","historical","4990ba4","https://media.lbsa71.net/LCE/runs/phase4_stagec_invariance_v1/consistency_1/seed_53/metrics.json"
"runs/phase4_stagec_invariance_v1/consistency_1/seed_53/step_metrics.csv","docs/evidence/records/phase4_stagec_invariance_v1/consistency_1/seed_53/step_metrics.csv","198140","81581c7a69fade8d5b661a1a7130ddbd48ce73588945788d0d00e8fd7924f01e","historical","4990ba4","https://media.lbsa71.net/LCE/runs/phase4_stagec_invariance_v1/consistency_1/seed_53/step_metrics.csv"
"runs/phase4_stagec_invariance_v1/consistency_1/seed_67/metrics.json","docs/evidence/records/phase4_stagec_invariance_v1/consistency_1/seed_67/metrics.json","2465","ce4c8a6e80004c197626476b8dd882fec96afd719bdfbbbf9d5beefe95d145a8","historical","4990ba4","https://media.lbsa71.net/LCE/runs/phase4_stagec_invariance_v1/consistency_1/seed_67/metrics.json"
"runs/phase4_stagec_invariance_v1/consistency_1/seed_67/step_metrics.csv","docs/evidence/records/phase4_stagec_invariance_v1/consistency_1/seed_67/step_metrics.csv","198031","8b7bdd58a1c57a0ca0dbe50e2f2621c985192f726bf7a9d7accf257f4cf12cf5","historical","4990ba4","https://media.lbsa71.net/LCE/runs/phase4_stagec_invariance_v1/consistency_1/seed_67/step_metrics.csv"
"runs/phase4_stagec_invariance_v1/development_suite.json","docs/evidence/records/phase4_stagec_invariance_v1/development_suite.json","23105","4b0596cff25e8e0e899e568d3280baf7b751e26d3ecab5ee0cc3775c239d71a7","historical","4990ba4","https://media.lbsa71.net/LCE/runs/phase4_stagec_invariance_v1/development_suite.json"
"runs/phase4_stagec_invariance_v1/pair_manifest.json","docs/evidence/records/phase4_stagec_invariance_v1/pair_manifest.json","64398","2e203d907534c21d677ff8a398bc9d7d28c25b3919f2ad8bf32bb0c7a1cb4bee","historical","4990ba4","https://media.lbsa71.net/LCE/runs/phase4_stagec_invariance_v1/pair_manifest.json"
"runs/phase4_stagec_invariance_v1/registration.json","docs/evidence/records/phase4_stagec_invariance_v1/registration.json","1146","b0305c23e9704e50ffde126389fe279d5fce0585e51e1534dbea5a4a1185213c","historical","4990ba4","https://media.lbsa71.net/LCE/runs/phase4_stagec_invariance_v1/registration.json"
"runs/phase4_stagec_invariance_v1/screen_analysis.json","docs/evidence/records/phase4_stagec_invariance_v1/screen_analysis.json","7404","d0cb12f2764b8e6faa2e73fdfcadd8920a5bb00962d6e5b42322c63091814600","historical","4990ba4","https://media.lbsa71.net/LCE/runs/phase4_stagec_invariance_v1/screen_analysis.json"
"runs/phase4_stagec_invariance_v1/screen_results.json","docs/evidence/records/phase4_stagec_invariance_v1/screen_results.json","42499","d0fee60d9b5725d448a77bfa8f8d9a6eb0ac8a31cc184387df7c258ebe4e1220","historical","4990ba4","https://media.lbsa71.net/LCE/runs/phase4_stagec_invariance_v1/screen_results.json"
"runs/phase4_stagec_invariance_v1/sealed_confirmation/analysis.json","docs/evidence/records/phase4_stagec_invariance_v1/sealed_confirmation/analysis.json","5165","48a564b9990fe0946f3d052115b1644fd5972583e962340ee996bfbec1e66b47","sealed","4990ba4","https://media.lbsa71.net/LCE/runs/phase4_stagec_invariance_v1/sealed_confirmation/analysis.json"
"runs/phase4_stagec_invariance_v1/sealed_confirmation/case_predictions.json","docs/evidence/records/phase4_stagec_invariance_v1/sealed_confirmation/case_predictions.json","1200863","324300aeac007fa659e50db1e14fe4cce6b02298d759c29c78e01704e97d96ab","sealed","4990ba4","https://media.lbsa71.net/LCE/runs/phase4_stagec_invariance_v1/sealed_confirmation/case_predictions.json"
"runs/phase4_stagec_invariance_v1/sealed_confirmation/eval_metrics.json","docs/evidence/records/phase4_stagec_invariance_v1/sealed_confirmation/eval_metrics.json","2792","0f83f51c9af2c93f674cd8a98248a7d2bd8a2f7aafec1958f6109b093dcada96","sealed","4990ba4","https://media.lbsa71.net/LCE/runs/phase4_stagec_invariance_v1/sealed_confirmation/eval_metrics.json"
"runs/phase4_stagec_invariance_v1/sealed_confirmation/registration.json","docs/evidence/records/phase4_stagec_invariance_v1/sealed_confirmation/registration.json","1502","1980f3a88bd2f1d30b041eac68cc889abd31c9186fd27251c4e3be45930435f0","sealed","4990ba4","https://media.lbsa71.net/LCE/runs/phase4_stagec_invariance_v1/sealed_confirmation/registration.json"
"runs/phase4_stagec_invariance_v1/sealed_confirmation/results.json","docs/evidence/records/phase4_stagec_invariance_v1/sealed_confirmation/results.json","21196","c29eb143a2f37ea87ab0b119f533476869b373de1c9df785aa12e5238e962dfb","sealed","4990ba4","https://media.lbsa71.net/LCE/runs/phase4_stagec_invariance_v1/sealed_confirmation/results.json"
"runs/phase4_stagec_invariance_v1/sealed_confirmation/split_manifest.json","docs/evidence/records/phase4_stagec_invariance_v1/sealed_confirmation/split_manifest.json","512","c8c54666e873290ff75f2a5e8af82047b176a159d83f5e7255de288195130d8a","sealed","4990ba4","https://media.lbsa71.net/LCE/runs/phase4_stagec_invariance_v1/sealed_confirmation/split_manifest.json"
"runs/phase4_stagec_invariance_v1/sealed_confirmation/suite.json","docs/evidence/records/phase4_stagec_invariance_v1/sealed_confirmation/suite.json","47732","9117f8b765a517b68432b0edf6f2b0d5cab3edce6aac2ee999b470eaa2fbce14","sealed","4990ba4","https://media.lbsa71.net/LCE/runs/phase4_stagec_invariance_v1/sealed_confirmation/suite.json"
"runs/phase4_stagec_invariance_v1/split_manifest.json","docs/evidence/records/phase4_stagec_invariance_v1/split_manifest.json","510","ceedc67f530aa1d25485550a77a21f726ca92efa4ad8a314f6525acd36cde8d7","historical","4990ba4","https://media.lbsa71.net/LCE/runs/phase4_stagec_invariance_v1/split_manifest.json"
"runs/phase5_capacity_comparison_legacy.json","docs/evidence/records/phase5_capacity_comparison_legacy.json","9684","5739d41218338757d40ba386f171c2b4bdcfa6718414105778238e144d2d9726","diagnostic-invalidated","4990ba4","https://media.lbsa71.net/LCE/runs/phase5_capacity_comparison_legacy.json"
"runs/phase5_capacity_comparison_repaired.json","docs/evidence/records/phase5_capacity_comparison_repaired.json","10546","cd6c29635beb8e7d3b2229dd1d30751bc94051042d4f17551b6763b43f9686b7","development","4990ba4","https://media.lbsa71.net/LCE/runs/phase5_capacity_comparison_repaired.json"
"runs/phase5_grounding_value_swap_v1/data/eval_tasks.json","docs/evidence/records/phase5_grounding_value_swap_v1/data/eval_tasks.json","14381","e74e9c99f68eae277cec940135f5e02b6e3542dcd2febc9d3e86d551759b4f3f","development","4990ba4","https://media.lbsa71.net/LCE/runs/phase5_grounding_value_swap_v1/data/eval_tasks.json"
"runs/phase5_grounding_value_swap_v1/data/eval_worlds.json","docs/evidence/records/phase5_grounding_value_swap_v1/data/eval_worlds.json","351721","366cc76a5806efdaf083d0ddf6c8fa0504f1d017a1a92fe0080d8a66fe4e6551","development","4990ba4","https://media.lbsa71.net/LCE/runs/phase5_grounding_value_swap_v1/data/eval_worlds.json"
"runs/phase5_grounding_value_swap_v1/registration.json","docs/evidence/records/phase5_grounding_value_swap_v1/registration.json","630","0e2b1a2f77aede81898557ad114111b3c4942680b253dbf8dcaa6e47370a8945","development","4990ba4","https://media.lbsa71.net/LCE/runs/phase5_grounding_value_swap_v1/registration.json"
"runs/phase5_grounding_value_swap_v1/smollm2_135m_agent.yaml","docs/evidence/records/phase5_grounding_value_swap_v1/smollm2_135m_agent.yaml","1048","75434fcec1a5409443a49dec9f0df25c9bae0cc40f4ec580acf7e9de10a84cc2","development","4990ba4","https://media.lbsa71.net/LCE/runs/phase5_grounding_value_swap_v1/smollm2_135m_agent.yaml"
"runs/phase5_grounding_value_swap_v1/smollm2_135m_agent/paired_probe_analysis.json","docs/evidence/records/phase5_grounding_value_swap_v1/smollm2_135m_agent/paired_probe_analysis.json","4267","a64cb9de121981d0062722c777ea1113c5b94fc317b10242d680e57bf25bfb91","development","4990ba4","https://media.lbsa71.net/LCE/runs/phase5_grounding_value_swap_v1/smollm2_135m_agent/paired_probe_analysis.json"
"runs/phase5_grounding_value_swap_v1/smollm2_135m_agent/selected_tasks.json","docs/evidence/records/phase5_grounding_value_swap_v1/smollm2_135m_agent/selected_tasks.json","14381","e74e9c99f68eae277cec940135f5e02b6e3542dcd2febc9d3e86d551759b4f3f","development","4990ba4","https://media.lbsa71.net/LCE/runs/phase5_grounding_value_swap_v1/smollm2_135m_agent/selected_tasks.json"
"runs/phase5_grounding_value_swap_v1/smollm2_135m_agent/step_3000/case_predictions.jsonl","docs/evidence/records/phase5_grounding_value_swap_v1/smollm2_135m_agent/step_3000/case_predictions.jsonl","32724","5e8446ec62c1ef3e06cf1581a585d176e6043a14ffcd5084b0d048311856a1be","development","4990ba4","https://media.lbsa71.net/LCE/runs/phase5_grounding_value_swap_v1/smollm2_135m_agent/step_3000/case_predictions.jsonl"
"runs/phase5_grounding_value_swap_v1/smollm2_135m_agent/step_3000/eval_metrics.json","docs/evidence/records/phase5_grounding_value_swap_v1/smollm2_135m_agent/step_3000/eval_metrics.json","773","bfe5d37047338d914dc209847a2b35624b709ba3eef4a3150a900935b341e992","development","4990ba4","https://media.lbsa71.net/LCE/runs/phase5_grounding_value_swap_v1/smollm2_135m_agent/step_3000/eval_metrics.json"
"runs/phase5_grounding_value_swap_v1/smollm2_135m_agent/step_3000/manifest.json","docs/evidence/records/phase5_grounding_value_swap_v1/smollm2_135m_agent/step_3000/manifest.json","4958","7d6fb698e58ec9033281f031bd84fc588642d8e7a3ced869829e8c3c7f7ddd77","development","4990ba4","https://media.lbsa71.net/LCE/runs/phase5_grounding_value_swap_v1/smollm2_135m_agent/step_3000/manifest.json"
"runs/phase5_grounding_value_swap_v1/smollm2_360m_capacity.yaml","docs/evidence/records/phase5_grounding_value_swap_v1/smollm2_360m_capacity.yaml","1054","6fbde874a17d714ef01653d52d2da9a60b6eab87e06d4b688b28367c2716616e","development","4990ba4","https://media.lbsa71.net/LCE/runs/phase5_grounding_value_swap_v1/smollm2_360m_capacity.yaml"
"runs/phase5_grounding_value_swap_v1/smollm2_360m_capacity/paired_probe_analysis.json","docs/evidence/records/phase5_grounding_value_swap_v1/smollm2_360m_capacity/paired_probe_analysis.json","4267","7c9987d71898dde99a4a369451cded87b72e85783c0fa3cf5509e7dffcdaa5f0","development","4990ba4","https://media.lbsa71.net/LCE/runs/phase5_grounding_value_swap_v1/smollm2_360m_capacity/paired_probe_analysis.json"
"runs/phase5_grounding_value_swap_v1/smollm2_360m_capacity/selected_tasks.json","docs/evidence/records/phase5_grounding_value_swap_v1/smollm2_360m_capacity/selected_tasks.json","14381","e74e9c99f68eae277cec940135f5e02b6e3542dcd2febc9d3e86d551759b4f3f","development","4990ba4","https://media.lbsa71.net/LCE/runs/phase5_grounding_value_swap_v1/smollm2_360m_capacity/selected_tasks.json"
"runs/phase5_grounding_value_swap_v1/smollm2_360m_capacity/step_3000/case_predictions.jsonl","docs/evidence/records/phase5_grounding_value_swap_v1/smollm2_360m_capacity/step_3000/case_predictions.jsonl","32701","0d478ba9b1d055fb3f94ea3a476d4b2d00a8b2af9f7e3f0cffdd562c792d7b06","development","4990ba4","https://media.lbsa71.net/LCE/runs/phase5_grounding_value_swap_v1/smollm2_360m_capacity/step_3000/case_predictions.jsonl"
"runs/phase5_grounding_value_swap_v1/smollm2_360m_capacity/step_3000/eval_metrics.json","docs/evidence/records/phase5_grounding_value_swap_v1/smollm2_360m_capacity/step_3000/eval_metrics.json","724","2e13feab61243a1ba3c71c94663160879f372c0baeb2222a71079c8cd8b98f62","development","4990ba4","https://media.lbsa71.net/LCE/runs/phase5_grounding_value_swap_v1/smollm2_360m_capacity/step_3000/eval_metrics.json"
"runs/phase5_grounding_value_swap_v1/smollm2_360m_capacity/step_3000/manifest.json","docs/evidence/records/phase5_grounding_value_swap_v1/smollm2_360m_capacity/step_3000/manifest.json","4958","43b812cd1d92c3825ea53bac7cdb1cf09dc757e10ba35d146d96bf9ca41cb956","development","4990ba4","https://media.lbsa71.net/LCE/runs/phase5_grounding_value_swap_v1/smollm2_360m_capacity/step_3000/manifest.json"
"runs/phase5_validity_replay/corpus_audit.json","docs/evidence/records/phase5_validity_replay/corpus_audit.json","2934","70442ff9e3db36b5c9f04ca146d435fd46af081a571f63c0293dbb956484fe58","validity-audit","4990ba4","https://media.lbsa71.net/LCE/runs/phase5_validity_replay/corpus_audit.json"
"runs/phase5_validity_replay/corpus_manifest.json","docs/evidence/records/phase5_validity_replay/corpus_manifest.json","1067","476849a3e0951e78a3f6e5d6aa3a49fd1b4cbea5d17567b6c8a0188df421d3fe","validity-audit","4990ba4","https://media.lbsa71.net/LCE/runs/phase5_validity_replay/corpus_manifest.json"
"runs/phase5_validity_replay/data/eval_tasks.json","docs/evidence/records/phase5_validity_replay/data/eval_tasks.json","245452","a88a3ee0ea790b9de5afbd7c7bb489f48030055677f8eb9a5d4ffd7923fbabff","validity-audit","4990ba4","https://media.lbsa71.net/LCE/runs/phase5_validity_replay/data/eval_tasks.json"
"runs/phase5_validity_replay/data/eval_worlds.json","docs/evidence/records/phase5_validity_replay/data/eval_worlds.json","350907","a3fe05b6f8ee0b5dbfb49abd06de1046a4200164802317ed2adb7b147dfde17e","validity-audit","4990ba4","https://media.lbsa71.net/LCE/runs/phase5_validity_replay/data/eval_worlds.json"
"runs/smollm2_135m_agent/agent_model/step_metrics.csv","docs/evidence/records/smollm2_135m_agent/agent_model/step_metrics.csv","180267","d13f2aefa3258970d0a0e3d517bf3cfe5be5c2526bab4fbcf00ace7fd1f611ae","historical","4990ba4","https://media.lbsa71.net/LCE/runs/smollm2_135m_agent/agent_model/step_metrics.csv"
"runs/smollm2_135m_agent/agent_model/training_metrics.json","docs/evidence/records/smollm2_135m_agent/agent_model/training_metrics.json","708","365740200bb39a202d833f2207f1c40307903002c9737f1882bc08a1c427d220","historical","4990ba4","https://media.lbsa71.net/LCE/runs/smollm2_135m_agent/agent_model/training_metrics.json"
"runs/smollm2_135m_agent/corpus_manifest.json","docs/evidence/records/smollm2_135m_agent/corpus_manifest.json","1136520","43533e64177a49e5db12a2cefd2379dfdff78d96cd7ea30685c9b8d35b0ceffb","historical","4990ba4","https://media.lbsa71.net/LCE/runs/smollm2_135m_agent/corpus_manifest.json"
"runs/smollm2_135m_agent/eval/milestone_feasibility_analysis.json","docs/evidence/records/smollm2_135m_agent/eval/milestone_feasibility_analysis.json","773","8ca213aa6f9acd961c0488ab9d9ca0f7c333f51375a95be80fc80f5fe4ca5728","historical","4990ba4","https://media.lbsa71.net/LCE/runs/smollm2_135m_agent/eval/milestone_feasibility_analysis.json"
"runs/smollm2_135m_agent/eval/milestone_scaling_results.json","docs/evidence/records/smollm2_135m_agent/eval/milestone_scaling_results.json","9737","8f02c1f4502e451d11ea026cb9b297cb429b5e1f8e2f3f27eb6eeee7bab85911","historical","4990ba4","https://media.lbsa71.net/LCE/runs/smollm2_135m_agent/eval/milestone_scaling_results.json"
"runs/smollm2_135m_agent/frozen_audit_legacy_v1/selected_tasks.json","docs/evidence/records/smollm2_135m_agent/frozen_audit_legacy_v1/selected_tasks.json","49903","dd42048ed0a0c1a6691b31e35783ac776964ee2583f223c2aa7482184fa7241c","diagnostic-invalidated","4990ba4","https://media.lbsa71.net/LCE/runs/smollm2_135m_agent/frozen_audit_legacy_v1/selected_tasks.json"
"runs/smollm2_135m_agent/frozen_audit_legacy_v1/step_3000/case_predictions.jsonl","docs/evidence/records/smollm2_135m_agent/frozen_audit_legacy_v1/step_3000/case_predictions.jsonl","181486","53d1b0e416ce6f30c2c707e2871a93913e46b620830a2d72e05f2891751bd9d1","diagnostic-invalidated","4990ba4","https://media.lbsa71.net/LCE/runs/smollm2_135m_agent/frozen_audit_legacy_v1/step_3000/case_predictions.jsonl"
"runs/smollm2_135m_agent/frozen_audit_legacy_v1/step_3000/eval_metrics.json","docs/evidence/records/smollm2_135m_agent/frozen_audit_legacy_v1/step_3000/eval_metrics.json","2324","7f746a290ef9ffda217d4614c0e9d846590d2903ea7eb6b1e8005766e7d18a82","diagnostic-invalidated","4990ba4","https://media.lbsa71.net/LCE/runs/smollm2_135m_agent/frozen_audit_legacy_v1/step_3000/eval_metrics.json"
"runs/smollm2_135m_agent/frozen_audit_legacy_v1/step_3000/manifest.json","docs/evidence/records/smollm2_135m_agent/frozen_audit_legacy_v1/step_3000/manifest.json","7133","998eb3800f54af0815c08086a900d85b4962e0a811b74e787765c74b5eeab3ed","diagnostic-invalidated","4990ba4","https://media.lbsa71.net/LCE/runs/smollm2_135m_agent/frozen_audit_legacy_v1/step_3000/manifest.json"
"runs/smollm2_135m_agent/frozen_audit_repaired_v1/selected_tasks.json","docs/evidence/records/smollm2_135m_agent/frozen_audit_repaired_v1/selected_tasks.json","55964","825aa8df951fe988afcfa921a66644ee0f1efb6e29ead808aba856c7d67d554e","development","4990ba4","https://media.lbsa71.net/LCE/runs/smollm2_135m_agent/frozen_audit_repaired_v1/selected_tasks.json"
"runs/smollm2_135m_agent/frozen_audit_repaired_v1/step_3000/case_predictions.jsonl","docs/evidence/records/smollm2_135m_agent/frozen_audit_repaired_v1/step_3000/case_predictions.jsonl","203806","58d1f5a7e5fe81e1904ebc614b111c45bfd864cd426d601df243dbacd5c55de5","development","4990ba4","https://media.lbsa71.net/LCE/runs/smollm2_135m_agent/frozen_audit_repaired_v1/step_3000/case_predictions.jsonl"
"runs/smollm2_135m_agent/frozen_audit_repaired_v1/step_3000/eval_metrics.json","docs/evidence/records/smollm2_135m_agent/frozen_audit_repaired_v1/step_3000/eval_metrics.json","3042","61a42990fb7be4214ae8d9c2b7371a6b81eec25ad12e2c74872f70d1894c7096","development","4990ba4","https://media.lbsa71.net/LCE/runs/smollm2_135m_agent/frozen_audit_repaired_v1/step_3000/eval_metrics.json"
"runs/smollm2_135m_agent/frozen_audit_repaired_v1/step_3000/manifest.json","docs/evidence/records/smollm2_135m_agent/frozen_audit_repaired_v1/step_3000/manifest.json","7688","7b9fda9d0dd80a581f78bce3e0757d103df8886ecc6d17c603cb435ff18b229a","development","4990ba4","https://media.lbsa71.net/LCE/runs/smollm2_135m_agent/frozen_audit_repaired_v1/step_3000/manifest.json"
"runs/smollm2_360m_capacity/agent_model/step_metrics.csv","docs/evidence/records/smollm2_360m_capacity/agent_model/step_metrics.csv","180500","bab6293836a516379c5960d7e7b9fad963a02b906e423801c0010676eddc6de2","historical","4990ba4","https://media.lbsa71.net/LCE/runs/smollm2_360m_capacity/agent_model/step_metrics.csv"
"runs/smollm2_360m_capacity/agent_model/training_metrics.json","docs/evidence/records/smollm2_360m_capacity/agent_model/training_metrics.json","548","071c1f182f501788e38ffd924c42ed1c6f840d047e4185eb41cf29f1c59087bf","historical","4990ba4","https://media.lbsa71.net/LCE/runs/smollm2_360m_capacity/agent_model/training_metrics.json"
"runs/smollm2_360m_capacity/capacity_registration.json","docs/evidence/records/smollm2_360m_capacity/capacity_registration.json","2075","a3e93a3870e7b37e3074f84a0c2eb8ac2e236e49dc9d975aabf139aa4b318c71","historical","4990ba4","https://media.lbsa71.net/LCE/runs/smollm2_360m_capacity/capacity_registration.json"
"runs/smollm2_360m_capacity/corpus_audit.json","docs/evidence/records/smollm2_360m_capacity/corpus_audit.json","3532","3ab693f2ab3723f16caf4c87a2f9bab9c9287ae5d09316aa3a4b32427ab054e6","validity-audit","4990ba4","https://media.lbsa71.net/LCE/runs/smollm2_360m_capacity/corpus_audit.json"
"runs/smollm2_360m_capacity/frozen_audit_legacy_v1/selected_tasks.json","docs/evidence/records/smollm2_360m_capacity/frozen_audit_legacy_v1/selected_tasks.json","49903","dd42048ed0a0c1a6691b31e35783ac776964ee2583f223c2aa7482184fa7241c","diagnostic-invalidated","4990ba4","https://media.lbsa71.net/LCE/runs/smollm2_360m_capacity/frozen_audit_legacy_v1/selected_tasks.json"
"runs/smollm2_360m_capacity/frozen_audit_legacy_v1/step_2000/case_predictions.jsonl","docs/evidence/records/smollm2_360m_capacity/frozen_audit_legacy_v1/step_2000/case_predictions.jsonl","21174","5d8c2fd8eb71b4e8b0f51269fb419abdb89a1787347df3e4ea7517aacda06f27","diagnostic-invalidated","4990ba4","https://media.lbsa71.net/LCE/runs/smollm2_360m_capacity/frozen_audit_legacy_v1/step_2000/case_predictions.jsonl"
"runs/smollm2_360m_capacity/frozen_audit_legacy_v1/step_2000/manifest.json","docs/evidence/records/smollm2_360m_capacity/frozen_audit_legacy_v1/step_2000/manifest.json","7133","8946acf16398b27e39c5653b5c232c536870ca37fe22914b2dcc2bcf20f21060","diagnostic-invalidated","4990ba4","https://media.lbsa71.net/LCE/runs/smollm2_360m_capacity/frozen_audit_legacy_v1/step_2000/manifest.json"
"runs/smollm2_360m_capacity/frozen_audit_legacy_v1/step_3000/case_predictions.jsonl","docs/evidence/records/smollm2_360m_capacity/frozen_audit_legacy_v1/step_3000/case_predictions.jsonl","206589","3c25b82ada4e24918b8ee16b4098269b90cc07350bb71d6454a31895771c6a0f","diagnostic-invalidated","4990ba4","https://media.lbsa71.net/LCE/runs/smollm2_360m_capacity/frozen_audit_legacy_v1/step_3000/case_predictions.jsonl"
"runs/smollm2_360m_capacity/frozen_audit_legacy_v1/step_3000/eval_metrics.json","docs/evidence/records/smollm2_360m_capacity/frozen_audit_legacy_v1/step_3000/eval_metrics.json","2392","d22da6757596d6ee4caf3eac5004b3f7340d0d492c38b4e71ce4fa6be6f12370","diagnostic-invalidated","4990ba4","https://media.lbsa71.net/LCE/runs/smollm2_360m_capacity/frozen_audit_legacy_v1/step_3000/eval_metrics.json"
"runs/smollm2_360m_capacity/frozen_audit_legacy_v1/step_3000/manifest.json","docs/evidence/records/smollm2_360m_capacity/frozen_audit_legacy_v1/step_3000/manifest.json","7133","b29a78de1b3250742e01f6729e5958ca9592486c17d7ebd42e29a10f5a84e007","diagnostic-invalidated","4990ba4","https://media.lbsa71.net/LCE/runs/smollm2_360m_capacity/frozen_audit_legacy_v1/step_3000/manifest.json"
"runs/smollm2_360m_capacity/frozen_audit_repaired_v1/selected_tasks.json","docs/evidence/records/smollm2_360m_capacity/frozen_audit_repaired_v1/selected_tasks.json","55964","825aa8df951fe988afcfa921a66644ee0f1efb6e29ead808aba856c7d67d554e","development","4990ba4","https://media.lbsa71.net/LCE/runs/smollm2_360m_capacity/frozen_audit_repaired_v1/selected_tasks.json"
"runs/smollm2_360m_capacity/frozen_audit_repaired_v1/step_3000/case_predictions.jsonl","docs/evidence/records/smollm2_360m_capacity/frozen_audit_repaired_v1/step_3000/case_predictions.jsonl","224401","dd4fd50ec79b6d90c2d312ecc5451695154a02f82872de809d95fed221a33c8f","development","4990ba4","https://media.lbsa71.net/LCE/runs/smollm2_360m_capacity/frozen_audit_repaired_v1/step_3000/case_predictions.jsonl"
"runs/smollm2_360m_capacity/frozen_audit_repaired_v1/step_3000/eval_metrics.json","docs/evidence/records/smollm2_360m_capacity/frozen_audit_repaired_v1/step_3000/eval_metrics.json","3027","98d138e672cb97aeb48a5b795c30b2f60cc4d5d87ba2b85e6540bd18bc931b2b","development","4990ba4","https://media.lbsa71.net/LCE/runs/smollm2_360m_capacity/frozen_audit_repaired_v1/step_3000/eval_metrics.json"
"runs/smollm2_360m_capacity/frozen_audit_repaired_v1/step_3000/manifest.json","docs/evidence/records/smollm2_360m_capacity/frozen_audit_repaired_v1/step_3000/manifest.json","7688","93bbfc37f3be8bb0f39f2e912da4f814478a6212e86e195bed6eea1597d07bdb","development","4990ba4","https://media.lbsa71.net/LCE/runs/smollm2_360m_capacity/frozen_audit_repaired_v1/step_3000/manifest.json"
